{
  "cycle_id": "cycle_017",
  "cycle_index": 17,
  "source_file": "song 1.wav",
  "snapshot_time_s": 90.0,
  "elapsed_total_s": 90.0,
  "window_duration_s": 4.0,
  "window_start_s": 86.0,
  "window_end_s": 90.0,
  "block_1_scalars": {
    "rms_mean": 0.037,
    "rms_peak": 0.052,
    "rms_trend": "falling",
    "centroid_mean_hz": 1055,
    "centroid_trend": "easing",
    "onset_density": 14.0,
    "onset_peak_strength": 2.429,
    "pitch_class_dominant": "G#",
    "pitch_class_secondary": "A",
    "silence_ratio": 0.0,
    "window_duration_s": 4.0,
    "elapsed_total_s": 90.0
  },
  "block_2_summary": "Moderate intensity, falling. Balanced timbre. Dense articulation. Tonal center G# with secondary emphasis on A. Mid-performance.",
  "block_3_sparklines": {
    "rms": "▆▅▅▆▅▅▄▃▆▄▆▅▇█▄▅▄▄▁▁",
    "onset": "█▄▃▂▂▆▄█▃▄▅▁▂▃▂▂▇▁▄▄",
    "centroid": "▁▃▄▃▄▅▆█▅▅▅▃▂▂▃▂▃▄▄▃"
  },
  "_debug": {
    "file_percentiles": {
      "rms_p10": 0.02563959378749132,
      "rms_p33": 0.033739441111683845,
      "rms_p66": 0.04280421271920204,
      "rms_p90": 0.05437399782240391,
      "centroid_p10": 756.4468898460249,
      "centroid_p33": 935.4961469883273,
      "centroid_p66": 1127.5799252554436,
      "centroid_p90": 1317.880966977175,
      "onset_density_p10": 12.65,
      "onset_density_p33": 13.0,
      "onset_density_p66": 14.0,
      "onset_density_p90": 15.100000000000001,
      "onset_strength_p90": 1.0940618276596068
    },
    "rms_std": 0.010924149827976036,
    "centroid_std": 216.9330598554314,
    "silence_threshold": 0.01281979689374566,
    "onset_peak_threshold": 0.5470309138298034,
    "rms_normalized_slope": -0.6054444702552071,
    "centroid_normalized_slope": -0.37951515921645373
  }
}
